,0
0,"812;2022-11-10 12:59:51;62;0;0;344;328;408;0;255;ok
813;2022-11-10 13:00:08;62;0;0;344;326;408;0;255;ok
857;2022-11-10 13:53:48;62;0;0;355;354;353;0;255;ok
858;2022-11-10 13:53:50;62;0;0;355;354;353;0;255;ok
859;2022-11-10 13:53:52;62;0;0;296;290;290;0;255;ok
860;2022-11-10 13:53:54;62;0;0;266;265;264;0;255;ok
861;2022-11-10 13:53:56;62;0;0;325;328;331;0;255;ok
862;2022-11-10 13:53:59;62;0;0;357;359;360;0;255;ok
863;2022-11-10 13:54:01;62;0;0;360;361;363;0;255;ok
864;2022-11-10 13:54:03;62;0;0;368;365;366;0;255;ok
865;2022-11-10 13:54:05;62;0;0;284;284;285;0;255;ok
866;2022-11-10 13:54:07;62;0;0;361;360;356;0;255;ok
867;2022-11-10 13:54:10;62;0;0;354;354;349;0;255;ok
868;2022-11-10 13:54:12;62;0;0;312;307;303;0;255;ok
869;2022-11-10 13:54:14;62;0;0;258;257;256;0;255;ok
870;2022-11-10 13:54:16;62;0;0;256;254;253;0;255;ok
871;2022-11-10 13:54:18;62;0;0;256;254;253;0;255;ok
872;2022-11-10 13:54:32;62;0;0;263;262;261;0;255;ok
873;2022-11-10 13:54:34;62;0;0;359;358;361;0;255;ok
874;2022-11-10 13:54:36;62;0;0;322;323;324;0;255;ok
875;2022-11-10 13:54:38;62;0;0;344;346;349;0;255;ok
876;2022-11-10 13:54:40;62;0;0;382;381;381;0;255;ok
877;2022-11-10 13:54:43;62;0;0;360;353;350;0;255;ok
878;2022-11-10 13:54:45;62;0;0;291;285;280;0;255;ok
879;2022-11-10 14:02:53;62;0;0;270;269;268;0;255;ok
880;2022-11-10 14:02:55;62;0;0;302;301;300;0;255;ok
881;2022-11-10 14:02:57;62;0;0;306;309;306;0;255;ok
882;2022-11-10 14:03:00;62;0;0;363;363;364;0;255;ok
883;2022-11-10 14:03:02;62;0;0;363;363;364;0;255;ok
884;2022-11-10 14:08:37;62;0;0;377;373;370;0;255;ok
885;2022-11-10 14:08:42;62;0;0;345;330;409;0;255;ok
886;2022-11-10 14:08:44;62;0;0;345;330;409;0;255;ok
887;2022-11-10 14:08:46;62;0;0;345;330;409;0;255;ok
888;2022-11-10 14:20:05;62;0;0;342;328;413;0;255;ok
889;2022-11-10 14:20:07;62;0;0;342;328;413;0;255;ok
890;2022-11-10 14:20:10;62;0;0;351;330;406;0;255;ok
891;2022-11-10 14:20:11;62;0;0;351;330;406;0;255;ok
892;2022-11-10 14:20:14;62;0;0;350;330;407;1;255;ok
893;2022-11-10 14:20:16;62;0;0;349;329;407;1;255;ok
894;2022-11-10 14:20:18;62;0;0;351;331;408;1;255;ok
895;2022-11-10 14:20:20;62;0;0;349;330;407;1;255;ok
896;2022-11-10 14:20:23;62;0;0;349;336;409;1;255;ok
897;2022-11-10 14:20:25;62;0;0;349;336;409;1;255;ok
898;2022-11-10 14:20:27;62;0;0;347;337;412;1;255;ok
899;2022-11-10 14:20:29;62;0;0;351;334;406;1;255;ok
900;2022-11-10 14:20:31;62;0;0;352;338;413;1;255;ok
901;2022-11-10 14:20:34;62;0;0;352;338;413;1;255;ok
902;2022-11-10 14:20:36;62;0;0;348;333;410;1;255;ok
903;2022-11-10 14:20:38;62;0;0;343;335;412;1;255;ok
904;2022-11-10 14:20:40;62;0;0;339;332;413;1;255;ok
905;2022-11-10 14:20:42;62;0;0;337;327;409;1;255;ok
906;2022-11-10 14:20:45;62;0;0;336;314;389;1;255;ok
907;2022-11-10 14:20:47;62;0;0;336;314;389;1;255;ok
908;2022-11-10 14:20:49;62;0;0;333;366;274;1;255;ok
909;2022-11-10 14:20:50;62;0;0;338;366;293;2;255;ok
910;2022-11-10 14:20:53;62;0;0;338;363;288;3;255;ok
911;2022-11-10 14:20:55;62;0;0;341;361;288;3;255;ok
912;2022-11-10 14:20:57;62;0;0;341;361;287;3;255;ok
913;2022-11-10 14:20:59;62;0;0;341;361;284;3;255;ok
914;2022-11-10 14:21:02;62;0;0;338;277;333;3;255;ok
915;2022-11-10 14:21:04;62;0;0;340;279;331;3;255;ok
916;2022-11-10 14:21:06;62;0;0;342;284;340;3;255;ok
917;2022-11-10 14:21:08;62;0;0;338;276;337;3;255;ok
918;2022-11-10 14:21:10;62;0;0;339;279;337;3;255;ok
919;2022-11-10 14:21:13;62;0;0;341;282;342;3;255;ok
920;2022-11-10 14:21:15;62;0;0;341;282;342;3;255;ok
921;2022-11-10 14:21:17;62;0;0;341;278;344;3;255;ok
922;2022-11-10 14:21:19;62;0;0;343;277;335;3;255;ok
923;2022-11-10 14:21:21;62;0;0;343;277;335;3;255;ok
924;2022-11-10 14:21:23;62;0;0;336;278;335;4;255;ok
925;2022-11-10 14:21:25;62;0;0;335;279;340;4;255;ok
926;2022-11-10 14:21:28;62;0;0;335;279;340;4;255;ok
927;2022-11-10 14:21:30;62;0;0;362;382;408;4;255;ok
928;2022-11-10 14:21:32;62;0;0;340;415;361;4;255;ok
929;2022-11-10 14:21:34;62;0;0;337;420;359;5;255;ok
930;2022-11-10 14:21:36;62;0;0;334;414;362;5;255;ok
931;2022-11-10 14:21:40;62;0;0;333;417;368;5;255;ok
932;2022-11-10 14:21:43;62;0;0;343;418;360;5;255;ok
933;2022-11-10 14:21:45;62;0;0;346;420;359;5;255;ok
934;2022-11-10 14:21:47;62;0;0;346;420;359;5;255;ok
935;2022-11-10 14:21:49;62;0;0;347;420;371;5;255;ok
936;2022-11-10 14:21:51;62;0;0;354;412;370;5;255;ok
937;2022-11-10 14:21:54;62;0;0;354;413;372;5;255;ok
938;2022-11-10 14:21:56;62;0;0;356;413;364;5;255;ok
939;2022-11-10 14:21:58;62;0;0;360;413;359;5;255;ok
940;2022-11-10 14:22:00;62;0;0;360;413;359;5;255;ok
941;2022-11-10 14:22:02;62;0;0;362;415;357;5;255;ok
942;2022-11-10 14:22:05;62;0;0;359;422;350;5;255;ok
943;2022-11-10 14:22:07;62;0;0;362;416;352;5;255;ok
944;2022-11-10 14:22:09;62;0;0;364;417;355;5;255;ok
945;2022-11-10 14:22:11;62;0;0;366;417;355;5;255;ok
946;2022-11-10 14:22:14;62;0;0;364;416;356;5;255;ok
947;2022-11-10 14:22:16;62;0;0;351;409;365;5;255;ok
948;2022-11-10 14:22:18;62;0;0;351;406;374;5;255;ok
949;2022-11-10 14:22:20;62;0;0;360;385;395;5;255;ok
950;2022-11-10 14:22:22;62;0;0;368;415;359;5;255;ok
951;2022-11-10 14:22:25;62;0;0;346;389;399;5;255;ok
952;2022-11-10 14:22:27;62;0;0;343;326;409;5;255;ok
953;2022-11-10 14:22:29;62;0;0;343;326;409;5;255;ok
954;2022-11-10 14:22:31;62;0;0;343;326;408;5;255;ok
955;2022-11-10 14:22:33;62;0;0;344;326;408;5;255;ok
956;2022-11-10 14:22:36;62;0;0;344;326;409;5;255;ok
957;2022-11-10 14:22:40;62;0;0;343;326;408;5;255;ok
958;2022-11-10 14:22:42;62;0;0;344;326;409;5;255;ok
959;2022-11-10 14:22:44;62;0;0;344;327;409;5;255;ok
960;2022-11-10 14:22:47;62;0;0;344;327;409;5;255;ok
961;2022-11-10 14:22:49;62;0;0;348;413;345;5;255;ok
962;2022-11-10 14:22:51;62;0;0;360;409;370;5;255;ok
963;2022-11-10 14:22:55;62;0;0;365;416;363;5;255;ok
964;2022-11-10 14:22:57;62;0;0;360;415;353;5;255;ok
965;2022-11-10 14:23:02;62;0;0;364;414;367;6;255;ok
966;2022-11-10 14:23:04;62;0;0;336;412;366;6;255;ok
967;2022-11-10 14:23:06;62;0;0;335;414;362;6;255;ok
968;2022-11-10 14:23:11;62;0;0;334;421;358;6;255;ok
969;2022-11-10 14:23:13;62;0;0;355;411;359;6;255;ok
970;2022-11-10 14:23:15;62;0;0;342;417;351;6;255;ok
971;2022-11-10 14:23:17;62;0;0;342;419;354;6;255;ok
972;2022-11-10 14:23:19;62;0;0;345;422;357;6;255;ok
973;2022-11-10 14:23:21;62;0;0;345;422;357;6;255;ok
974;2022-11-10 14:23:24;62;0;0;344;414;349;6;255;ok
975;2022-11-10 14:23:26;62;0;0;344;414;349;6;255;ok
976;2022-11-10 14:23:28;62;0;0;351;419;348;6;255;ok
977;2022-11-10 14:23:30;62;0;0;358;423;346;6;255;ok
978;2022-11-10 14:23:33;62;0;0;356;418;363;6;255;ok
979;2022-11-10 14:23:35;62;0;0;356;418;363;6;255;ok
980;2022-11-10 14:23:37;62;0;0;353;414;364;6;255;ok
981;2022-11-10 14:23:39;62;0;0;353;416;363;6;255;ok
982;2022-11-10 14:23:41;62;0;0;339;396;422;6;255;ok
983;2022-11-10 14:23:44;62;0;0;354;390;395;6;255;ok
984;2022-11-10 14:23:46;62;0;0;352;389;393;6;255;ok
985;2022-11-10 14:23:48;62;0;0;352;389;393;6;255;ok
986;2022-11-10 14:23:56;62;0;0;320;307;426;7;255;ok
987;2022-11-10 14:23:58;62;0;0;358;409;371;0;255;ok
988;2022-11-10 14:24:00;62;0;0;361;400;352;0;255;ok
989;2022-11-10 14:24:02;62;0;0;366;413;365;0;255;ok
990;2022-11-10 14:24:04;62;0;0;366;412;369;0;255;ok
991;2022-11-10 14:24:06;62;0;0;367;411;360;0;255;ok
992;2022-11-10 14:24:08;62;0;0;368;418;347;1;255;ok
993;2022-11-10 14:24:11;62;0;0;367;415;353;1;255;ok
994;2022-11-10 14:24:13;62;0;0;366;409;349;1;255;ok
995;2022-11-10 14:24:15;62;0;0;367;418;352;2;255;ok
996;2022-11-10 14:24:17;62;0;0;369;405;350;2;255;ok
997;2022-11-10 14:24:19;62;0;0;368;413;351;2;255;ok
998;2022-11-10 14:24:21;62;0;0;371;416;356;3;255;ok
999;2022-11-10 14:24:23;62;0;0;367;416;363;3;255;ok
1000;2022-11-10 14:24:25;62;0;0;367;416;363;3;255;ok
1001;2022-11-10 14:24:28;62;0;0;366;415;350;3;255;ok
1002;2022-11-10 14:24:30;62;0;0;362;412;377;3;255;ok
1003;2022-11-10 14:24:32;62;0;0;362;407;356;3;255;ok
1004;2022-11-10 14:24:34;62;0;0;366;415;361;3;255;ok
1005;2022-11-10 14:24:36;62;0;0;366;415;361;3;255;ok
1006;2022-11-10 14:24:38;62;0;0;363;415;376;4;255;ok
1007;2022-11-10 14:24:40;62;0;0;358;411;375;5;255;ok
1008;2022-11-10 14:24:42;62;0;0;358;411;375;5;255;ok
1009;2022-11-10 14:24:45;62;0;0;368;420;364;5;255;ok
1010;2022-11-10 14:24:47;62;0;0;372;422;377;5;255;ok
1011;2022-11-10 14:24:49;62;0;0;368;409;372;5;255;ok
1012;2022-11-10 14:24:51;62;0;0;369;417;355;5;255;ok
1013;2022-11-10 14:24:54;62;0;0;369;417;355;5;255;ok
1014;2022-11-10 14:24:56;62;0;0;347;416;347;5;255;ok
1015;2022-11-10 14:24:58;62;0;0;347;416;347;5;255;ok
1016;2022-11-10 14:25:00;62;0;0;355;422;372;5;255;ok
1017;2022-11-10 14:25:02;62;0;0;352;417;370;6;255;ok
1018;2022-11-10 14:25:04;62;0;0;356;417;349;6;255;ok
1019;2022-11-10 14:25:06;62;0;0;348;399;383;7;255;ok
1020;2022-11-10 14:25:08;62;0;0;354;407;379;7;255;ok
1021;2022-11-10 14:25:10;62;0;0;359;432;362;7;255;ok
1022;2022-11-10 14:25:13;62;0;0;358;422;352;7;255;ok
1023;2022-11-10 14:25:15;62;0;0;357;411;373;7;255;ok
1024;2022-11-10 14:25:17;62;0;0;354;412;372;7;255;ok
1025;2022-11-10 14:25:21;62;0;0;357;414;371;7;255;ok
1026;2022-11-10 14:25:24;62;0;0;364;421;358;7;255;ok
1027;2022-11-10 14:25:26;62;0;0;359;409;373;7;255;ok
1028;2022-11-10 14:25:28;62;0;0;357;405;384;7;255;ok
1029;2022-11-10 14:25:32;62;0;0;356;403;386;8;255;ok
1030;2022-11-10 14:25:34;62;0;0;356;402;390;8;255;ok
1031;2022-11-10 14:25:36;62;0;0;354;389;394;8;255;ok
1032;2022-11-10 14:25:39;62;0;0;330;383;394;8;255;ok
1033;2022-11-10 14:25:43;62;0;0;314;339;413;8;255;ok
1034;2022-11-10 14:25:45;62;0;0;325;355;391;8;255;ok
1035;2022-11-10 14:25:48;62;0;0;361;405;388;8;255;ok
1036;2022-11-10 14:25:50;62;0;0;343;347;417;8;255;ok
1037;2022-11-10 14:25:52;62;0;0;349;337;400;8;255;ok
1038;2022-11-10 14:25:54;62;0;0;349;337;400;8;255;ok
1039;2022-11-10 14:25:56;62;0;0;354;406;368;9;255;ok
1040;2022-11-10 14:25:58;62;0;0;354;406;368;9;255;ok
1041;2022-11-10 14:26:00;62;0;0;351;417;369;9;255;ok
1042;2022-11-10 14:26:03;62;0;0;331;381;377;9;255;ok
1043;2022-11-10 14:26:05;62;0;0;330;372;386;9;255;ok
1044;2022-11-10 14:26:07;62;0;0;347;393;392;9;255;ok
1045;2022-11-10 14:26:09;62;0;0;347;393;392;9;255;ok
1046;2022-11-10 14:26:11;62;0;0;378;377;389;9;255;ok
1047;2022-11-10 14:26:14;62;0;0;393;369;387;9;255;ok
1048;2022-11-10 14:26:16;62;0;0;396;355;374;9;255;ok
1049;2022-11-10 14:26:18;62;0;0;396;361;408;9;255;ok
1050;2022-11-10 14:26:20;62;0;0;378;412;365;9;255;ok
1051;2022-11-10 14:26:22;62;0;0;378;412;365;9;255;ok
1052;2022-11-10 14:26:24;62;0;0;374;398;381;10;255;ok
1053;2022-11-10 14:26:27;62;0;0;365;419;363;10;255;ok
1054;2022-11-10 14:26:28;62;0;0;362;404;375;10;255;ok
1055;2022-11-10 14:26:30;62;0;0;366;407;372;11;255;ok
1056;2022-11-10 14:26:32;62;0;0;370;413;337;12;255;ok
1057;2022-11-10 14:26:34;62;0;0;358;414;371;13;255;ok
1058;2022-11-10 14:26:37;62;0;0;362;424;364;13;255;ok
1059;2022-11-10 14:26:38;62;0;0;357;413;345;13;255;ok
1060;2022-11-10 14:26:40;62;0;0;370;404;356;14;255;ok
1061;2022-11-10 14:26:42;62;0;0;365;411;345;15;255;ok
1062;2022-11-10 14:26:44;62;0;0;366;414;340;16;255;ok
1063;2022-11-10 14:26:46;62;0;0;367;416;343;17;255;ok
1064;2022-11-10 14:26:48;62;0;0;367;414;352;19;255;ok
1065;2022-11-10 14:26:50;62;0;0;367;414;352;19;255;ok
1066;2022-11-10 14:26:51;62;0;0;368;415;348;21;255;ok
1067;2022-11-10 14:26:53;62;0;0;368;415;348;21;255;ok
1068;2022-11-10 14:26:55;62;0;0;359;415;338;22;255;ok
1069;2022-11-10 14:26:57;62;0;0;351;423;348;22;255;ok
1070;2022-11-10 14:27:00;62;0;0;349;408;352;23;255;ok
1071;2022-11-10 14:27:01;62;0;0;353;410;363;23;255;ok
1072;2022-11-10 14:27:03;62;0;0;361;419;353;24;255;ok
1073;2022-11-10 14:27:05;62;0;0;359;415;345;25;255;ok
1074;2022-11-10 14:27:07;62;0;0;358;410;369;26;255;ok
1075;2022-11-10 14:27:09;62;0;0;351;418;356;26;255;ok
1076;2022-11-10 14:27:11;62;0;0;345;406;346;27;255;ok
1077;2022-11-10 14:27:13;62;0;0;346;422;355;28;255;ok
1078;2022-11-10 14:27:15;62;0;0;343;416;359;29;255;ok
1079;2022-11-10 14:27:17;62;0;0;348;418;343;29;255;ok
1080;2022-11-10 14:27:19;62;0;0;348;418;343;29;255;ok
1081;2022-11-10 14:27:21;62;0;0;348;407;362;30;255;ok
1082;2022-11-10 14:27:23;62;0;0;348;407;360;31;255;ok
1083;2022-11-10 14:27:25;62;0;0;355;418;359;31;255;ok
1084;2022-11-10 14:27:27;62;0;0;354;414;365;32;255;ok
1085;2022-11-10 14:27:29;62;0;0;350;413;341;33;255;ok
1086;2022-11-10 14:27:31;62;0;0;351;414;344;33;255;ok
1087;2022-11-10 14:27:33;62;0;0;348;417;332;33;255;ok
1088;2022-11-10 14:27:35;62;0;0;349;416;334;34;255;ok
1089;2022-11-10 14:27:37;62;0;0;346;416;359;36;255;ok
1090;2022-11-10 14:27:39;62;0;0;346;416;359;36;255;ok
1091;2022-11-10 14:27:40;62;0;0;348;416;341;37;255;ok
1092;2022-11-10 14:27:43;62;0;0;351;349;406;38;255;ok
1093;2022-11-10 14:27:45;62;0;0;320;306;407;38;255;ok
1094;2022-11-10 14:27:47;62;0;0;341;326;407;38;255;ok
1095;2022-11-10 14:27:49;62;0;0;342;326;407;38;255;ok
1096;2022-11-10 14:27:53;62;0;0;343;327;408;40;255;ok
1097;2022-11-10 14:27:55;62;0;0;343;327;407;41;255;ok
1098;2022-11-10 14:27:57;62;0;0;343;327;407;41;255;ok
1099;2022-11-10 14:27:59;62;0;0;343;327;408;42;255;ok
1100;2022-11-10 14:28:00;62;0;0;343;327;408;43;255;ok
1101;2022-11-10 14:28:02;62;0;0;343;326;407;44;255;ok
1102;2022-11-10 14:28:04;62;0;0;344;328;410;45;255;ok
1103;2022-11-10 14:28:06;62;0;0;343;327;407;46;255;ok
1104;2022-11-10 14:28:10;62;0;0;343;327;408;48;255;ok
1105;2022-11-10 14:28:12;62;0;0;343;327;408;48;255;ok
1106;2022-11-10 14:28:25;62;0;0;344;328;409;48;255;ok
1107;2022-11-10 14:28:27;62;0;0;344;329;408;0;1;ok
1108;2022-11-10 14:28:29;62;0;0;344;322;403;0;1;ok
1109;2022-11-10 14:28:31;62;0;0;343;346;399;0;1;ok
1110;2022-11-10 14:28:33;62;0;0;348;331;410;0;1;ok
1111;2022-11-10 14:28:36;62;0;0;348;331;410;0;1;ok
1112;2022-11-10 14:28:38;62;0;0;344;330;407;0;1;ok
1113;2022-11-10 14:28:40;62;0;0;349;325;403;0;1;ok
1114;2022-11-10 14:28:41;62;0;0;327;311;416;1;1;ok
1115;2022-11-10 14:28:44;62;0;0;350;324;407;2;1;ok
1116;2022-11-10 14:28:46;62;0;0;349;323;406;2;1;ok
1117;2022-11-10 14:28:48;62;0;0;349;323;406;2;1;ok
1118;2022-11-10 14:28:50;62;0;0;349;323;407;2;1;ok
1119;2022-11-10 14:28:52;62;0;0;349;324;407;3;1;ok
1120;2022-11-10 14:28:54;62;0;0;349;324;406;3;1;ok
1121;2022-11-10 14:28:56;62;0;0;350;323;406;3;1;ok
1122;2022-11-10 14:28:58;62;0;0;349;323;406;4;1;ok
1123;2022-11-10 14:29:00;62;0;0;350;324;406;4;1;ok
1124;2022-11-10 14:29:02;62;0;0;350;323;406;5;1;ok
1125;2022-11-10 14:29:04;62;0;0;350;324;407;6;1;ok
1126;2022-11-10 14:29:06;62;0;0;344;347;407;6;1;ok
1127;2022-11-10 14:29:08;62;0;0;341;344;411;6;1;ok
1128;2022-11-10 14:29:10;62;0;0;347;337;407;7;1;ok
1129;2022-11-10 14:29:13;62;0;0;344;349;423;7;1;ok
1130;2022-11-10 14:29:14;62;0;0;354;342;401;7;1;ok
1131;2022-11-10 14:29:17;62;0;0;356;347;412;8;1;ok
1132;2022-11-10 14:29:19;62;0;0;356;347;412;8;1;ok
1133;2022-11-10 14:29:21;62;0;0;358;344;406;8;1;ok
1134;2022-11-10 14:29:23;62;0;0;359;356;421;8;1;ok
1135;2022-11-10 14:29:25;62;0;0;361;348;398;8;1;ok
1136;2022-11-10 14:29:27;62;0;0;359;342;408;9;1;ok
1137;2022-11-10 14:29:30;62;0;0;348;346;408;9;1;ok
1138;2022-11-10 14:29:32;62;0;0;348;346;408;9;1;ok
1139;2022-11-10 14:29:34;62;0;0;352;354;407;9;1;ok
1140;2022-11-10 14:29:36;62;0;0;344;334;409;10;1;ok
1141;2022-11-10 14:29:38;62;0;0;339;341;397;10;1;ok
1142;2022-11-10 14:29:40;62;0;0;347;327;408;11;1;ok
1143;2022-11-10 14:29:42;62;0;0;347;327;408;11;1;ok
1144;2022-11-10 14:29:44;62;0;0;348;327;407;12;1;ok
1145;2022-11-10 14:29:46;62;0;0;347;326;408;13;1;ok
1146;2022-11-10 14:29:48;62;0;0;347;326;407;13;1;ok
1147;2022-11-10 14:29:50;62;0;0;347;327;407;14;1;ok
1148;2022-11-10 14:29:51;62;0;0;347;326;408;15;1;ok
1149;2022-11-10 14:29:53;62;0;0;347;327;408;16;1;ok
1150;2022-11-10 14:29:55;62;0;0;348;327;408;17;1;ok
1151;2022-11-10 14:29:57;62;0;0;349;328;409;18;1;ok
1152;2022-11-10 14:29:59;62;0;0;347;327;408;19;1;ok
1153;2022-11-10 14:30:01;62;0;0;347;327;407;20;1;ok
1154;2022-11-10 14:30:03;62;0;0;347;326;408;20;1;ok
1155;2022-11-10 14:30:04;62;0;0;348;326;407;21;1;ok
1156;2022-11-10 14:30:07;62;0;0;348;326;408;22;1;ok
1157;2022-11-10 14:30:08;62;0;0;347;326;408;22;1;ok
1158;2022-11-10 14:30:11;62;0;0;348;327;408;23;1;ok
1159;2022-11-10 14:30:13;62;0;0;348;326;407;23;1;ok
1160;2022-11-10 14:30:15;62;0;0;348;326;407;24;1;ok
1161;2022-11-10 14:30:17;62;0;0;348;326;407;24;1;ok
1162;2022-11-10 14:30:19;62;0;0;347;327;407;24;1;ok
1163;2022-11-10 14:30:21;62;0;0;347;327;407;24;1;ok
1164;2022-11-10 14:30:24;62;0;0;347;327;408;24;1;ok
1165;2022-11-10 14:30:26;62;0;0;347;327;407;24;1;ok
1166;2022-11-10 14:31:13;62;0;0;347;327;407;24;1;ok
1167;2022-11-10 14:31:15;62;0;0;349;327;408;0;2;ok
1168;2022-11-10 14:31:17;62;0;0;359;413;358;1;2;ok
1169;2022-11-10 14:31:19;62;0;0;358;416;364;2;2;ok
1170;2022-11-10 14:31:21;62;0;0;365;411;369;2;2;ok
1171;2022-11-10 14:31:24;62;0;0;360;415;356;2;2;ok
1172;2022-11-10 14:31:25;62;0;0;360;415;356;2;2;ok
1173;2022-11-10 14:31:28;62;0;0;361;411;373;3;2;ok
1174;2022-11-10 14:31:30;62;0;0;366;416;369;3;2;ok
1175;2022-11-10 14:31:32;62;0;0;361;408;381;3;2;ok
1176;2022-11-10 14:31:34;62;0;0;358;420;343;3;2;ok
1177;2022-11-10 14:31:36;62;0;0;358;420;343;3;2;ok
1178;2022-11-10 14:31:39;62;0;0;355;418;352;3;2;ok
1179;2022-11-10 14:31:41;62;0;0;355;415;355;3;2;ok
1180;2022-11-10 14:31:43;62;0;0;357;417;335;3;2;ok
1181;2022-11-10 14:31:45;62;0;0;354;414;354;4;2;ok
1182;2022-11-10 14:31:47;62;0;0;351;415;345;4;2;ok
1183;2022-11-10 14:31:49;62;0;0;352;419;341;5;2;ok
1184;2022-11-10 14:31:50;62;0;0;356;423;343;6;2;ok
1185;2022-11-10 14:31:53;62;0;0;355;415;340;7;2;ok
1186;2022-11-10 14:31:55;62;0;0;356;423;351;8;2;ok
1187;2022-11-10 14:31:57;62;0;0;356;423;351;8;2;ok
1188;2022-11-10 14:31:59;62;0;0;358;418;337;8;2;ok
1189;2022-11-10 14:32:01;62;0;0;352;413;338;8;2;ok
1190;2022-11-10 14:32:03;62;0;0;354;420;346;8;2;ok
1191;2022-11-10 14:32:06;62;0;0;351;416;354;8;2;ok
1192;2022-11-10 14:32:08;62;0;0;349;407;357;8;2;ok
1193;2022-11-10 14:32:10;62;0;0;350;414;356;8;2;ok
1194;2022-11-10 14:32:12;62;0;0;352;416;355;8;2;ok
1195;2022-11-10 14:32:14;62;0;0;356;417;347;8;2;ok
1196;2022-11-10 14:32:16;62;0;0;356;417;347;8;2;ok
1197;2022-11-10 14:32:19;62;0;0;350;413;358;9;2;ok
1198;2022-11-10 14:32:21;62;0;0;355;421;371;9;2;ok
1199;2022-11-10 14:32:23;62;0;0;354;416;353;9;2;ok
1200;2022-11-10 14:32:25;62;0;0;357;414;360;9;2;ok
1201;2022-11-10 14:32:27;62;0;0;360;416;343;9;2;ok
1202;2022-11-10 14:32:30;62;0;0;350;423;366;9;2;ok
1203;2022-11-10 14:32:32;62;0;0;349;407;371;9;2;ok
1204;2022-11-10 14:32:34;62;0;0;350;412;361;9;2;ok
1205;2022-11-10 14:32:36;62;0;0;349;412;353;9;2;ok
1206;2022-11-10 14:32:38;62;0;0;348;412;354;9;2;ok
1207;2022-11-10 14:32:41;62;0;0;348;412;354;9;2;ok
1208;2022-11-10 14:32:43;62;0;0;357;432;367;9;2;ok
1209;2022-11-10 14:32:45;62;0;0;351;413;358;9;2;ok
1210;2022-11-10 14:32:47;62;0;0;352;417;349;9;2;ok
1211;2022-11-10 14:32:49;62;0;0;349;408;364;9;2;ok
1212;2022-11-10 14:32:52;62;0;0;354;417;367;9;2;ok
1213;2022-11-10 14:32:53;62;0;0;351;413;360;9;2;ok
1214;2022-11-10 14:32:56;62;0;0;353;419;368;10;2;ok
1215;2022-11-10 14:32:58;62;0;0;352;414;356;10;2;ok
1216;2022-11-10 14:33:00;62;0;0;355;419;362;10;2;ok
1217;2022-11-10 14:33:02;62;0;0;346;406;380;11;2;ok
1218;2022-11-10 14:33:04;62;0;0;356;404;341;11;2;ok
1219;2022-11-10 14:33:06;62;0;0;364;416;346;13;2;ok
1220;2022-11-10 14:33:07;62;0;0;364;416;346;13;2;ok
1221;2022-11-10 14:33:10;62;0;0;361;418;342;14;2;ok
1222;2022-11-10 14:33:12;62;0;0;354;421;341;14;2;ok
1223;2022-11-10 14:33:14;62;0;0;355;416;349;15;2;ok
1224;2022-11-10 14:33:16;62;0;0;355;416;349;15;2;ok
1225;2022-11-10 14:33:18;62;0;0;354;419;351;16;2;ok
1226;2022-11-10 14:33:20;62;0;0;347;414;341;16;2;ok
1227;2022-11-10 14:33:22;62;0;0;343;430;346;17;2;ok
1228;2022-11-10 14:33:23;62;0;0;357;426;341;18;2;ok
1229;2022-11-10 14:33:25;62;0;0;354;417;342;19;2;ok
1230;2022-11-10 14:33:27;62;0;0;355;420;346;20;2;ok
1231;2022-11-10 14:33:29;62;0;0;352;415;339;21;2;ok
1232;2022-11-10 14:33:32;62;0;0;350;419;349;21;2;ok
1233;2022-11-10 14:33:33;62;0;0;349;417;344;22;2;ok
1234;2022-11-10 14:33:35;62;0;0;349;417;344;22;2;ok
1235;2022-11-10 14:33:38;62;0;0;348;416;340;22;2;ok
1236;2022-11-10 14:33:40;62;0;0;349;412;347;23;2;ok
1237;2022-11-10 14:33:41;62;0;0;349;412;347;23;2;ok
1242;2022-11-10 14:36:23;62;0;0;342;328;408;0;3;ok
1243;2022-11-10 14:36:25;62;0;0;342;328;408;0;3;ok
1244;2022-11-10 14:36:27;62;0;0;358;396;336;1;3;ok
1245;2022-11-10 14:36:29;62;0;0;341;353;331;1;3;ok
1246;2022-11-10 14:36:32;62;0;0;349;355;287;1;3;ok
1247;2022-11-10 14:36:34;62;0;0;350;358;283;1;3;ok
1248;2022-11-10 14:36:36;62;0;0;350;358;283;1;3;ok
1249;2022-11-10 14:36:38;62;0;0;352;363;284;1;3;ok
1250;2022-11-10 14:36:40;62;0;0;348;352;277;1;3;ok
1251;2022-11-10 14:36:42;62;0;0;365;300;301;1;3;ok
1252;2022-11-10 14:36:44;62;0;0;349;336;281;2;3;ok
1253;2022-11-10 14:36:46;62;0;0;344;338;271;3;3;ok
1254;2022-11-10 14:36:48;62;0;0;344;338;271;3;3;ok
1255;2022-11-10 14:36:50;62;0;0;334;330;292;4;3;ok
1256;2022-11-10 14:36:52;62;0;0;331;342;285;5;3;ok
1257;2022-11-10 14:36:54;62;0;0;335;353;287;6;3;ok
1258;2022-11-10 14:36:56;62;0;0;339;365;284;7;3;ok
1259;2022-11-10 14:36:58;62;0;0;340;365;284;8;3;ok
1260;2022-11-10 14:37:00;62;0;0;339;356;279;8;3;ok
1261;2022-11-10 14:37:02;62;0;0;340;361;285;8;3;ok
1262;2022-11-10 14:37:04;62;0;0;336;364;280;8;3;ok
1263;2022-11-10 14:37:06;62;0;0;337;360;279;8;3;ok
1264;2022-11-10 14:37:08;62;0;0;339;362;286;9;3;ok
1265;2022-11-10 14:37:10;62;0;0;341;364;289;10;3;ok
1266;2022-11-10 14:37:12;62;0;0;338;357;280;11;3;ok
1267;2022-11-10 14:37:14;62;0;0;339;358;282;12;3;ok
1268;2022-11-10 14:37:15;62;0;0;338;356;284;13;3;ok
1269;2022-11-10 14:37:17;62;0;0;335;351;283;14;3;ok
1270;2022-11-10 14:37:19;62;0;0;338;354;280;15;3;ok
1271;2022-11-10 14:37:21;62;0;0;338;351;284;15;3;ok
1272;2022-11-10 14:37:23;62;0;0;337;354;284;16;3;ok
1273;2022-11-10 14:37:25;62;0;0;337;353;279;17;3;ok
1274;2022-11-10 14:37:27;62;0;0;337;349;279;18;3;ok
1275;2022-11-10 14:37:29;62;0;0;335;350;287;19;3;ok
1276;2022-11-10 14:37:31;62;0;0;337;353;279;19;3;ok
1277;2022-11-10 14:37:33;62;0;0;335;350;283;20;3;ok
1278;2022-11-10 14:37:34;62;0;0;335;352;279;21;3;ok
1279;2022-11-10 14:37:36;62;0;0;336;354;278;22;3;ok
1280;2022-11-10 14:37:38;62;0;0;336;352;286;23;3;ok
1281;2022-11-10 14:37:40;62;0;0;335;351;285;24;3;ok
1282;2022-11-10 14:37:42;62;0;0;334;357;282;25;3;ok
1283;2022-11-10 14:37:44;62;0;0;325;353;282;25;3;ok
1284;2022-11-10 14:37:46;62;0;0;328;356;287;26;3;ok
1285;2022-11-10 14:37:48;62;0;0;340;350;283;27;3;ok
1286;2022-11-10 14:37:50;62;0;0;340;350;283;27;3;ok
1287;2022-11-10 14:37:52;62;0;0;339;350;282;28;3;ok
1288;2022-11-10 14:39:21;62;0;0;341;350;281;29;3;ok
1289;2022-11-10 14:39:23;62;0;0;345;338;410;0;4;ok
1290;2022-11-10 14:39:25;62;0;0;350;309;384;0;4;ok
1291;2022-11-10 14:39:27;62;0;0;343;278;352;1;4;ok
1292;2022-11-10 14:39:29;62;0;0;345;273;344;2;4;ok
1293;2022-11-10 14:39:31;62;0;0;345;273;344;2;4;ok
1294;2022-11-10 14:39:33;62;0;0;346;275;337;3;4;ok
1295;2022-11-10 14:39:36;62;0;0;345;280;329;3;4;ok
1296;2022-11-10 14:39:38;62;0;0;345;280;329;3;4;ok
1297;2022-11-10 14:39:40;62;0;0;346;294;305;3;4;ok
1298;2022-11-10 14:39:42;62;0;0;339;275;329;3;4;ok
1299;2022-11-10 14:39:44;62;0;0;339;272;348;3;4;ok
1300;2022-11-10 14:39:46;62;0;0;340;286;321;4;4;ok
1301;2022-11-10 14:39:48;62;0;0;335;276;349;4;4;ok
1302;2022-11-10 14:39:51;62;0;0;339;268;358;4;4;ok
1303;2022-11-10 14:39:52;62;0;0;353;287;322;4;4;ok
1304;2022-11-10 14:39:55;62;0;0;344;269;327;5;4;ok
1305;2022-11-10 14:39:57;62;0;0;350;281;323;5;4;ok
1306;2022-11-10 14:39:59;62;0;0;358;285;321;5;4;ok
1307;2022-11-10 14:40:01;62;0;0;337;267;342;5;4;ok
1308;2022-11-10 14:40:03;62;0;0;342;286;342;5;4;ok
1309;2022-11-10 14:40:06;62;0;0;347;281;324;5;4;ok
1310;2022-11-10 14:40:08;62;0;0;337;278;358;5;4;ok
1311;2022-11-10 14:40:10;62;0;0;347;286;316;5;4;ok
1312;2022-11-10 14:40:12;62;0;0;340;276;342;5;4;ok
1313;2022-11-10 14:40:15;62;0;0;349;277;320;5;4;ok
1314;2022-11-10 14:40:17;62;0;0;349;277;320;5;4;ok
1315;2022-11-10 14:40:19;62;0;0;347;280;317;5;4;ok
1316;2022-11-10 14:40:21;62;0;0;342;278;329;5;4;ok
1317;2022-11-10 14:40:23;62;0;0;342;277;326;5;4;ok
1318;2022-11-10 14:40:25;62;0;0;342;277;326;5;4;ok
1319;2022-11-10 14:40:28;62;0;0;348;286;314;5;4;ok
1320;2022-11-10 14:40:30;62;0;0;348;286;314;5;4;ok
1321;2022-11-10 14:40:32;62;0;0;347;281;323;5;4;ok
1322;2022-11-10 14:40:34;62;0;0;347;281;323;5;4;ok
1323;2022-11-10 14:40:36;62;0;0;349;287;309;6;4;ok
1324;2022-11-10 14:40:38;62;0;0;348;292;310;6;4;ok
1325;2022-11-10 14:40:41;62;0;0;337;269;321;6;4;ok
1326;2022-11-10 14:40:42;62;0;0;348;286;310;6;4;ok
1327;2022-11-10 14:40:44;62;0;0;348;288;312;7;4;ok
1328;2022-11-10 14:40:48;62;0;0;346;282;339;9;4;ok
1329;2022-11-10 14:40:51;62;0;0;344;274;334;9;4;ok
1330;2022-11-10 14:40:52;62;0;0;345;276;325;9;4;ok
1331;2022-11-10 14:40:54;62;0;0;354;293;307;10;4;ok
1332;2022-11-10 14:40:56;62;0;0;346;276;318;11;4;ok
1333;2022-11-10 14:40:59;62;0;0;349;281;322;11;4;ok
1334;2022-11-10 14:41:21;62;0;0;344;279;360;11;4;ok
1335;2022-11-10 14:41:23;62;0;0;342;277;343;11;4;ok
1336;2022-11-10 14:41:25;62;0;0;334;282;373;11;4;ok
1337;2022-11-10 14:41:27;62;0;0;361;282;329;11;4;ok
1338;2022-11-10 14:41:30;62;0;0;374;293;323;11;4;ok
1339;2022-11-10 14:41:32;62;0;0;374;293;323;11;4;ok
1340;2022-11-10 14:41:34;62;0;0;365;301;377;11;4;ok
1341;2022-11-10 14:41:36;62;0;0;364;290;381;11;4;ok
1342;2022-11-10 14:41:38;62;0;0;373;279;283;11;4;ok
1343;2022-11-10 14:41:40;62;0;0;355;281;329;11;4;ok
1344;2022-11-10 14:41:43;62;0;0;351;275;335;11;4;ok
1345;2022-11-10 14:41:45;62;0;0;356;283;319;11;4;ok
1346;2022-11-10 14:41:47;62;0;0;356;283;319;11;4;ok
1347;2022-11-10 14:41:49;62;0;0;350;280;323;11;4;ok
1348;2022-11-10 14:41:51;62;0;0;352;282;326;11;4;ok
1349;2022-11-10 14:41:54;62;0;0;356;280;326;11;4;ok
1350;2022-11-10 14:41:56;62;0;0;356;280;326;11;4;ok
1351;2022-11-10 14:41:58;62;0;0;356;283;319;11;4;ok
1352;2022-11-10 14:42:00;62;0;0;356;283;323;11;4;ok
1353;2022-11-10 14:42:03;62;0;0;355;282;318;11;4;ok
1354;2022-11-10 14:42:05;62;0;0;366;281;326;11;4;ok
1355;2022-11-10 14:42:07;62;0;0;378;289;324;11;4;ok
1356;2022-11-10 14:42:09;62;0;0;351;278;330;11;4;ok
1357;2022-11-10 14:42:11;62;0;0;351;278;330;11;4;ok
1358;2022-11-10 14:42:14;62;0;0;342;283;328;11;4;ok
1359;2022-11-10 14:42:16;62;0;0;338;278;329;11;4;ok
1360;2022-11-10 14:42:18;62;0;0;338;277;330;11;4;ok
1361;2022-11-10 14:42:20;62;0;0;337;280;347;11;4;ok
1362;2022-11-10 14:42:23;62;0;0;355;279;331;11;4;ok
1363;2022-11-10 14:42:25;62;0;0;355;279;331;11;4;ok
1364;2022-11-10 14:42:27;62;0;0;354;277;336;11;4;ok
1365;2022-11-10 14:42:29;62;0;0;354;281;359;11;4;ok
1366;2022-11-10 14:42:31;62;0;0;354;281;359;11;4;ok
1367;2022-11-10 14:42:33;62;0;0;351;277;339;11;4;ok
1368;2022-11-10 14:42:36;62;0;0;329;283;348;11;4;ok
1369;2022-11-10 14:42:38;62;0;0;329;283;348;11;4;ok
1370;2022-11-10 14:42:40;62;0;0;331;270;356;11;4;ok
1371;2022-11-10 14:45:20;62;0;0;378;289;360;0;4;ok
1372;2022-11-10 14:45:22;62;0;0;377;296;372;0;4;ok
1373;2022-11-10 14:45:24;62;0;0;377;296;372;0;4;ok
1374;2022-11-10 14:45:26;62;0;0;405;312;356;1;4;ok
1375;2022-11-10 14:45:28;62;0;0;392;335;385;2;4;ok
1376;2022-11-10 14:45:30;62;0;0;398;330;387;3;4;ok
1377;2022-11-10 14:45:46;62;0;0;397;330;387;4;4;ok
1378;2022-11-10 14:45:48;62;0;0;361;279;334;0;4;ok
1379;2022-11-10 14:45:50;62;0;0;351;271;335;0;4;ok
1380;2022-11-10 14:45:52;62;0;0;352;275;333;1;4;ok
1381;2022-11-10 14:45:53;62;0;0;359;280;332;2;4;ok
1382;2022-11-10 14:45:56;62;0;0;360;281;328;3;4;ok
1383;2022-11-10 14:45:58;62;0;0;361;283;328;3;4;ok
1384;2022-11-10 14:46:00;62;0;0;358;280;333;3;4;ok
1385;2022-11-10 14:46:02;62;0;0;359;279;331;4;4;ok
1386;2022-11-10 14:46:03;62;0;0;360;280;330;5;4;ok
1387;2022-11-10 14:46:05;62;0;0;364;282;329;6;4;ok
1388;2022-11-10 14:46:07;62;0;0;361;281;327;7;4;ok
1389;2022-11-10 14:46:09;62;0;0;362;283;323;8;4;ok
1390;2022-11-10 14:46:11;62;0;0;357;277;347;8;4;ok
1391;2022-11-10 14:46:13;62;0;0;359;280;341;9;4;ok
1392;2022-11-10 14:46:15;62;0;0;358;279;333;9;4;ok
1393;2022-11-10 14:46:17;62;0;0;358;279;334;10;4;ok
1394;2022-11-10 14:46:19;62;0;0;358;276;337;10;4;ok
1395;2022-11-10 14:46:21;62;0;0;361;279;337;11;4;ok
1396;2022-11-10 14:46:23;62;0;0;359;278;337;12;4;ok
1397;2022-11-10 14:46:25;62;0;0;363;287;330;13;4;ok
1398;2022-11-10 14:46:47;62;0;0;349;276;347;0;4;ok
1399;2022-11-10 14:46:48;62;0;0;349;276;347;0;4;ok
1400;2022-11-10 14:46:50;62;0;0;359;290;335;1;4;ok
1401;2022-11-10 14:46:52;62;0;0;360;278;343;2;4;ok
1402;2022-11-10 14:46:54;62;0;0;363;280;350;3;4;ok
1403;2022-11-10 14:46:56;62;0;0;364;278;352;4;4;ok
1404;2022-11-10 14:46:58;62;0;0;362;279;343;5;4;ok
1405;2022-11-10 14:46:59;62;0;0;362;279;337;6;4;ok
1406;2022-11-10 14:47:01;62;0;0;364;279;336;7;4;ok
1407;2022-11-10 14:47:03;62;0;0;365;280;337;8;4;ok
1408;2022-11-10 14:47:05;62;0;0;368;283;339;10;4;ok
1409;2022-11-10 14:47:07;62;0;0;368;283;339;10;4;ok
1410;2022-11-10 14:47:09;62;0;0;356;278;331;11;4;ok
1411;2022-11-10 14:47:10;62;0;0;358;285;320;12;4;ok
1412;2022-11-10 14:47:13;62;0;0;357;278;322;13;4;ok
1413;2022-11-10 14:47:15;62;0;0;362;284;320;13;4;ok

"
